[{"category":"Blowjob"},{"category":"Threesome"},{"category":"Brunette"},{"category":"Blonde"},{"category":"MILF"},{"category":"POV"},{"category":"Hardcore"},{"category":"Big Tits"},{"category":"Pornstar"},{"category":"Ebony"},{"category":"Babe"},{"category":"Latina"},{"category":"Asian"},{"category":"Teen"},{"category":"Masturbation"},{"category":"Interracial"},{"category":"Anal"},{"category":"Fetish"},{"category":"Striptease"},{"category":"Red Head"},{"category":"Cumshots"},{"category":"Reality"},{"category":"Lesbian"},{"category":"Squirt"},{"category":"Orgy"},{"category":"Toys"},{"category":"Big Dick"},{"category":"College"},{"category":"Double Penetration"},{"category":"Exclusive"},{"category":"Amateur"},{"category":"Euro"},{"category":"Public"},{"category":"For Women"},{"category":"Big Ass"},{"category":"Uniforms"},{"category":"Gangbang"},{"category":"Webcam"},{"category":"Korean"},{"category":"Rough Sex"},{"category":"Handjob"},{"category":"Funny"},{"category":"Small Tits"},{"category":"HD"},{"category":"Music"},{"category":"Compilation"},{"category":"Casting"},{"category":"Verified Amateurs"},{"category":"Massage"},{"category":"Bondage"},{"category":"Celebrity"},{"category":"Cosplay"},{"category":"Creampie"},{"category":"Party"},{"category":"French"},{"category":"Mature"},{"category":"Japanese"},{"category":"Old/Young"},{"category":"German"},{"category":"Vintage"},{"category":"Babysitter"},{"category":"Czech"},{"category":"Arab"},{"category":"School"},{"category":"Smoking"},{"category":"Pissing"},{"category":"British"},{"category":"Indian"},{"category":"Brazilian"},{"category":"Pussy Licking"},{"category":"Fisting"},{"category":"Behind The Scenes"},{"category":"Italian"},{"category":"Bukkake"},{"category":"Russian"},{"category":"Cuckold"},{"category":"Parody"},{"category":"BBW"},{"category":"60fps"},{"category":"Shemale"},{"category":"Bisexual"},{"category":"Virtual Reality"},{"category":"Feet"},{"category":"Hentai"},{"category":"Described Video"}]
